자격명,과목명1,과목명2,과목명3,과목명4,과목명5,과목명6,과목_총점1,과목_총점2,과목_총점3,과목_총점4,과목_총점5,과목_총점6,합격점수,합격_유효개월,필기실기구분,과락점수,2024 합격자 수,2025 합격자 수 
데이터아키텍처 전문가,전사아키텍처 이해,데이터 요건 분석,데이터 표준화,데이터 모델링,데이터베이스 설계와이용,데이터 품질 관리이해,8,8,8,20,8,8,75,24,PG,40,38,33
데이터아키텍처 준전문가,전사아키텍처 이해,데이터 요건 분석,데이터 표준화,데이터 모델링,,,20,20,20,40,0,0,60,0,PG,40,1321,2012
SQL 전문가,데이터 모델링의 이해,SQL 기본 및 활용,SQL 고급활용 및 튜닝,,,,10,20,40,0,0,0,75,24,PG,40,96,39
SQL 개발자,데이터 모델링의 이해,SQL 기본 및 활용,,,,,20,80,0,0,0,0,60,24,PG,40,33916,26121
데이터 분석 전문가,데이터 이해,데이터 처리 기술 이해,데이터 분석 기획,데이터 분석,데이터 시각화,,10,10,10,40,10,0,70,0,PG,40,54,25
데이터 분석 전문가,데이터 분석 실무(기계학습),데이터 분석 실무(통계분석),,,,,70,30,0,0,0,0,70,0,SG,0,54,25
데이터 분석 준전문가,데이터 이해,데이터 분석 기획,데이터 분석,,,,20,20,60,0,0,0,60,0,PG,40,39306,48900
빅데이터분석기사,빅데이터 분석기획,빅데이터 탐색,빅데이터 모델링,빅데이터 결과 해석,,,25,25,25,25,0,0,60,0,PG,40,4849,5844
빅데이터분석기사,제1유형,제2유형,제3유형,,,,30,40,30,0,0,0,60,0,SG,0,4849,5844
